Name, Population
Polk, 474045
Linn, 221661
Scott, 172474
Johnson, 146547
Black Hawk, 132904
Woodbury, 102779
Story, 97090
Dubuque, 97003
Pottawattamie, 93582
Dallas, 84516
Warren, 49691
Clinton, 47309
Cerro Gordo, 43070
Muscatine, 42940
Marshall, 40312
Des Moines, 39739
Webster, 36769
Jasper, 36708
Wapello, 34982
Sioux, 34898
Lee, 34615
Marion, 33189
Boone, 26532
Benton, 25699
Plymouth, 25200
Bremer, 24798
Washington, 22281
Mahaska, 22181
Buchanan, 20992
Winneshiek, 20561
Jones, 20439
Carroll, 20437
Buena Vista, 20332
Fayette, 20054
Henry, 19773
Jackson, 19472
Poweshiek, 18533
Cedar, 18454
Jefferson, 18090
Clayton, 17590
Delaware, 17327
Tama, 17319
Dickinson, 17243
Hardin, 17226
Crawford, 16940
Clay, 16333
Iowa, 16311
Floyd, 15873
Madison, 15848
Page, 15391
Kossuth, 15114
Hamilton, 15076
Mills, 14972
Butler, 14791
Harrison, 14149
O'Brien, 14020
Allamakee, 13884
Cass, 13157
Wright, 12779
Appanoose, 12462
Union, 12420
Grundy, 12313
Chickasaw, 12023
Shelby, 11800
Lyon, 11754
Cherokee, 11508
Louisa, 11142
Hancock, 10835
Mitchell, 10763
Winnebago, 10631
Guthrie, 10625
Montgomery, 10225
Franklin, 10170
Keokuk, 10119
Sac, 9876
Calhoun, 9846
Emmet, 9658
Humboldt, 9487
Howard, 9332
Clarke, 9309
Palo Alto, 9047
Greene, 9011
Monona, 8898
Davis, 8860
Lucas, 8647
Decatur, 8141
Monroe, 7870
Worth, 7572
Van Buren, 7271
Adair, 7092
Ida, 6985
Fremont, 6950
Pocahontas, 6886
Wayne, 6452
Taylor, 6216
Osceola, 6064
Audubon, 5678
Ringgold, 5068
Adams, 3693
